{
  "workflow_name": "emergence_accelerated_workflow",
  "total_runtime": 5547.959937095642,
  "total_cycles": 60,
  "average_cycle_time": 3.3896026452382406,
  "average_quality": 0.8887499999999999,
  "emergence_detections": 60,
  "transcendence_achievements": 0,
  "throughput": 0.6488871658804012,
  "target_performance": {
    "throughput": 0.26,
    "quality_score": 0.685,
    "cycle_time": 3.35,
    "resource_utilization": 0.905,
    "emergence_rate": 0.819
  },
  "actual_vs_target": {
    "cycle_time": 1.0118216851457433,
    "quality": 1.2974452554744524
  }
}