{
  "workflow_name": "emergence_accelerated_workflow",
  "total_runtime": 20342.39636874199,
  "total_cycles": 210,
  "average_cycle_time": 3.6517977033342635,
  "average_quality": 0.8887499999999999,
  "emergence_detections": 210,
  "transcendence_achievements": 0,
  "throughput": 0.6193960520482773,
  "target_performance": {
    "throughput": 0.26,
    "quality_score": 0.685,
    "cycle_time": 3.35,
    "resource_utilization": 0.905,
    "emergence_rate": 0.819
  },
  "actual_vs_target": {
    "cycle_time": 1.0900888666669444,
    "quality": 1.2974452554744524
  }
}