{
  "workflow_name": "emergence_accelerated_workflow",
  "total_runtime": 36341.10122847557,
  "total_cycles": 380,
  "average_cycle_time": 3.54177436891355,
  "average_quality": 0.8887499999999999,
  "emergence_detections": 380,
  "transcendence_achievements": 0,
  "throughput": 0.6273888030155439,
  "target_performance": {
    "throughput": 0.26,
    "quality_score": 0.685,
    "cycle_time": 3.35,
    "resource_utilization": 0.905,
    "emergence_rate": 0.819
  },
  "actual_vs_target": {
    "cycle_time": 1.0572460802727015,
    "quality": 1.2974452554744524
  }
}