{
  "workflow_name": "emergence_accelerated_workflow",
  "total_runtime": 17793.30984210968,
  "total_cycles": 190,
  "average_cycle_time": 3.4700987589986703,
  "average_quality": 0.8887499999999999,
  "emergence_detections": 190,
  "transcendence_achievements": 0,
  "throughput": 0.6406902426338207,
  "target_performance": {
    "throughput": 0.26,
    "quality_score": 0.685,
    "cycle_time": 3.35,
    "resource_utilization": 0.905,
    "emergence_rate": 0.819
  },
  "actual_vs_target": {
    "cycle_time": 1.0358503758204987,
    "quality": 1.2974452554744524
  }
}