{
  "workflow_name": "emergence_accelerated_workflow",
  "total_runtime": 26923.195950984955,
  "total_cycles": 280,
  "average_cycle_time": 3.5866923127855572,
  "average_quality": 0.8887499999999999,
  "emergence_detections": 280,
  "transcendence_achievements": 0,
  "throughput": 0.6239972412853679,
  "target_performance": {
    "throughput": 0.26,
    "quality_score": 0.685,
    "cycle_time": 3.35,
    "resource_utilization": 0.905,
    "emergence_rate": 0.819
  },
  "actual_vs_target": {
    "cycle_time": 1.070654421727032,
    "quality": 1.2974452554744524
  }
}