{
  "workflow_name": "emergence_accelerated_workflow",
  "total_runtime": 10239.05624628067,
  "total_cycles": 110,
  "average_cycle_time": 3.5373669776049526,
  "average_quality": 0.8887499999999999,
  "emergence_detections": 110,
  "transcendence_achievements": 0,
  "throughput": 0.6445906576983055,
  "target_performance": {
    "throughput": 0.26,
    "quality_score": 0.685,
    "cycle_time": 3.35,
    "resource_utilization": 0.905,
    "emergence_rate": 0.819
  },
  "actual_vs_target": {
    "cycle_time": 1.0559304410761052,
    "quality": 1.2974452554744524
  }
}