{
  "workflow_name": "emergence_accelerated_workflow",
  "total_runtime": 32540.57327222824,
  "total_cycles": 340,
  "average_cycle_time": 3.557974130967084,
  "average_quality": 0.8887499999999998,
  "emergence_detections": 340,
  "transcendence_achievements": 0,
  "throughput": 0.626909668411109,
  "target_performance": {
    "throughput": 0.26,
    "quality_score": 0.685,
    "cycle_time": 3.35,
    "resource_utilization": 0.905,
    "emergence_rate": 0.819
  },
  "actual_vs_target": {
    "cycle_time": 1.0620818301394281,
    "quality": 1.2974452554744522
  }
}