{
  "workflow_name": "emergence_accelerated_workflow",
  "total_runtime": 2715.04948759079,
  "total_cycles": 30,
  "average_cycle_time": 3.3873430093129477,
  "average_quality": 0.8887499999999999,
  "emergence_detections": 30,
  "transcendence_achievements": 0,
  "throughput": 0.6629713411217552,
  "target_performance": {
    "throughput": 0.26,
    "quality_score": 0.685,
    "cycle_time": 3.35,
    "resource_utilization": 0.905,
    "emergence_rate": 0.819
  },
  "actual_vs_target": {
    "cycle_time": 1.0111471669590888,
    "quality": 1.2974452554744524
  }
}