{
  "workflow_name": "emergence_accelerated_workflow",
  "total_runtime": 41233.16227769852,
  "total_cycles": 430,
  "average_cycle_time": 3.5705943955931554,
  "average_quality": 0.8887499999999999,
  "emergence_detections": 430,
  "transcendence_achievements": 0,
  "throughput": 0.6257099522525407,
  "target_performance": {
    "throughput": 0.26,
    "quality_score": 0.685,
    "cycle_time": 3.35,
    "resource_utilization": 0.905,
    "emergence_rate": 0.819
  },
  "actual_vs_target": {
    "cycle_time": 1.0658490733113897,
    "quality": 1.2974452554744524
  }
}