{
  "workflow_name": "emergence_accelerated_workflow",
  "total_runtime": 25988.41941356659,
  "total_cycles": 270,
  "average_cycle_time": 3.5943707633901525,
  "average_quality": 0.8887499999999999,
  "emergence_detections": 270,
  "transcendence_achievements": 0,
  "throughput": 0.6233545696720287,
  "target_performance": {
    "throughput": 0.26,
    "quality_score": 0.685,
    "cycle_time": 3.35,
    "resource_utilization": 0.905,
    "emergence_rate": 0.819
  },
  "actual_vs_target": {
    "cycle_time": 1.0729464965343738,
    "quality": 1.2974452554744524
  }
}