{
  "workflow_name": "emergence_accelerated_workflow",
  "total_runtime": 11173.45570731163,
  "total_cycles": 120,
  "average_cycle_time": 3.523402557770411,
  "average_quality": 0.8887499999999999,
  "emergence_detections": 120,
  "transcendence_achievements": 0,
  "throughput": 0.6443843506077086,
  "target_performance": {
    "throughput": 0.26,
    "quality_score": 0.685,
    "cycle_time": 3.35,
    "resource_utilization": 0.905,
    "emergence_rate": 0.819
  },
  "actual_vs_target": {
    "cycle_time": 1.0517619575434063,
    "quality": 1.2974452554744524
  }
}