{
  "workflow_name": "emergence_accelerated_workflow",
  "total_runtime": 22247.273066282272,
  "total_cycles": 230,
  "average_cycle_time": 3.6289626494697904,
  "average_quality": 0.8887499999999999,
  "emergence_detections": 230,
  "transcendence_achievements": 0,
  "throughput": 0.6203007424274003,
  "target_performance": {
    "throughput": 0.26,
    "quality_score": 0.685,
    "cycle_time": 3.35,
    "resource_utilization": 0.905,
    "emergence_rate": 0.819
  },
  "actual_vs_target": {
    "cycle_time": 1.0832724326775494,
    "quality": 1.2974452554744524
  }
}