{
  "workflow_name": "emergence_accelerated_workflow",
  "total_runtime": 13042.477319717407,
  "total_cycles": 140,
  "average_cycle_time": 3.5020832964352198,
  "average_quality": 0.8887499999999999,
  "emergence_detections": 140,
  "transcendence_achievements": 0,
  "throughput": 0.644049423593861,
  "target_performance": {
    "throughput": 0.26,
    "quality_score": 0.685,
    "cycle_time": 3.35,
    "resource_utilization": 0.905,
    "emergence_rate": 0.819
  },
  "actual_vs_target": {
    "cycle_time": 1.0453979989358864,
    "quality": 1.2974452554744524
  }
}