{
  "workflow_name": "emergence_accelerated_workflow",
  "total_runtime": 34471.08052325249,
  "total_cycles": 360,
  "average_cycle_time": 3.5504848069614834,
  "average_quality": 0.8887499999999999,
  "emergence_detections": 360,
  "transcendence_achievements": 0,
  "throughput": 0.6266122115153804,
  "target_performance": {
    "throughput": 0.26,
    "quality_score": 0.685,
    "cycle_time": 3.35,
    "resource_utilization": 0.905,
    "emergence_rate": 0.819
  },
  "actual_vs_target": {
    "cycle_time": 1.0598462110332787,
    "quality": 1.2974452554744524
  }
}