{
  "workflow_name": "emergence_accelerated_workflow",
  "total_runtime": 47921.363476514816,
  "total_cycles": 500,
  "average_cycle_time": 3.547330304145813,
  "average_quality": 0.8887499999999999,
  "emergence_detections": 500,
  "transcendence_achievements": 0,
  "throughput": 0.6260255932555493,
  "target_performance": {
    "throughput": 0.26,
    "quality_score": 0.685,
    "cycle_time": 3.35,
    "resource_utilization": 0.905,
    "emergence_rate": 0.819
  },
  "actual_vs_target": {
    "cycle_time": 1.0589045684017353,
    "quality": 1.2974452554744524
  }
}