{
  "workflow_name": "emergence_accelerated_workflow",
  "total_runtime": 27858.43284225464,
  "total_cycles": 290,
  "average_cycle_time": 3.580133993872281,
  "average_quality": 0.8887499999999998,
  "emergence_detections": 290,
  "transcendence_achievements": 0,
  "throughput": 0.624586461791502,
  "target_performance": {
    "throughput": 0.26,
    "quality_score": 0.685,
    "cycle_time": 3.35,
    "resource_utilization": 0.905,
    "emergence_rate": 0.819
  },
  "actual_vs_target": {
    "cycle_time": 1.0686967145887405,
    "quality": 1.2974452554744522
  }
}