{
  "workflow_name": "emergence_accelerated_workflow",
  "total_runtime": 46985.251217126846,
  "total_cycles": 490,
  "average_cycle_time": 3.548521288073793,
  "average_quality": 0.8887499999999999,
  "emergence_detections": 490,
  "transcendence_achievements": 0,
  "throughput": 0.6257282708596703,
  "target_performance": {
    "throughput": 0.26,
    "quality_score": 0.685,
    "cycle_time": 3.35,
    "resource_utilization": 0.905,
    "emergence_rate": 0.819
  },
  "actual_vs_target": {
    "cycle_time": 1.059260085992177,
    "quality": 1.2974452554744524
  }
}