{
  "workflow_name": "emergence_accelerated_workflow",
  "total_runtime": 12107.974701166153,
  "total_cycles": 130,
  "average_cycle_time": 3.5120886179117057,
  "average_quality": 0.8887499999999999,
  "emergence_detections": 130,
  "transcendence_achievements": 0,
  "throughput": 0.6442035263956044,
  "target_performance": {
    "throughput": 0.26,
    "quality_score": 0.685,
    "cycle_time": 3.35,
    "resource_utilization": 0.905,
    "emergence_rate": 0.819
  },
  "actual_vs_target": {
    "cycle_time": 1.0483846620631958,
    "quality": 1.2974452554744524
  }
}