{
  "workflow_name": "emergence_accelerated_workflow",
  "total_runtime": 7419.578755617142,
  "total_cycles": 80,
  "average_cycle_time": 3.4068757712841036,
  "average_quality": 0.8887499999999999,
  "emergence_detections": 80,
  "transcendence_achievements": 0,
  "throughput": 0.6469369971126815,
  "target_performance": {
    "throughput": 0.26,
    "quality_score": 0.685,
    "cycle_time": 3.35,
    "resource_utilization": 0.905,
    "emergence_rate": 0.819
  },
  "actual_vs_target": {
    "cycle_time": 1.0169778421743592,
    "quality": 1.2974452554744524
  }
}