{
  "workflow_name": "emergence_accelerated_workflow",
  "total_runtime": 46050.02914190292,
  "total_cycles": 480,
  "average_cycle_time": 3.5518789028127986,
  "average_quality": 0.8887499999999999,
  "emergence_detections": 480,
  "transcendence_achievements": 0,
  "throughput": 0.6254067703465063,
  "target_performance": {
    "throughput": 0.26,
    "quality_score": 0.685,
    "cycle_time": 3.35,
    "resource_utilization": 0.905,
    "emergence_rate": 0.819
  },
  "actual_vs_target": {
    "cycle_time": 1.0602623590485967,
    "quality": 1.2974452554744524
  }
}