{
  "workflow_name": "emergence_accelerated_workflow",
  "total_runtime": 30670.05835032463,
  "total_cycles": 320,
  "average_cycle_time": 3.5685649037361147,
  "average_quality": 0.8887499999999999,
  "emergence_detections": 320,
  "transcendence_achievements": 0,
  "throughput": 0.6260177199759639,
  "target_performance": {
    "throughput": 0.26,
    "quality_score": 0.685,
    "cycle_time": 3.35,
    "resource_utilization": 0.905,
    "emergence_rate": 0.819
  },
  "actual_vs_target": {
    "cycle_time": 1.0652432548466013,
    "quality": 1.2974452554744524
  }
}