{
  "workflow_name": "emergence_accelerated_workflow",
  "total_runtime": 25053.267502069473,
  "total_cycles": 260,
  "average_cycle_time": 3.602309845961057,
  "average_quality": 0.8887499999999999,
  "emergence_detections": 260,
  "transcendence_achievements": 0,
  "throughput": 0.6226732700120411,
  "target_performance": {
    "throughput": 0.26,
    "quality_score": 0.685,
    "cycle_time": 3.35,
    "resource_utilization": 0.905,
    "emergence_rate": 0.819
  },
  "actual_vs_target": {
    "cycle_time": 1.0753163719286738,
    "quality": 1.2974452554744524
  }
}