{
  "workflow_name": "emergence_accelerated_workflow",
  "total_runtime": 45114.92131066322,
  "total_cycles": 470,
  "average_cycle_time": 3.5553832109938277,
  "average_quality": 0.8887499999999999,
  "emergence_detections": 470,
  "transcendence_achievements": 0,
  "throughput": 0.6250703576719913,
  "target_performance": {
    "throughput": 0.26,
    "quality_score": 0.685,
    "cycle_time": 3.35,
    "resource_utilization": 0.905,
    "emergence_rate": 0.819
  },
  "actual_vs_target": {
    "cycle_time": 1.0613084211921873,
    "quality": 1.2974452554744524
  }
}