{
  "workflow_name": "emergence_accelerated_workflow",
  "total_runtime": 6482.928629875183,
  "total_cycles": 70,
  "average_cycle_time": 3.389738747051784,
  "average_quality": 0.8887499999999999,
  "emergence_detections": 70,
  "transcendence_achievements": 0,
  "throughput": 0.6478553505348189,
  "target_performance": {
    "throughput": 0.26,
    "quality_score": 0.685,
    "cycle_time": 3.35,
    "resource_utilization": 0.905,
    "emergence_rate": 0.819
  },
  "actual_vs_target": {
    "cycle_time": 1.0118623125527713,
    "quality": 1.2974452554744524
  }
}