{
  "workflow_name": "emergence_accelerated_workflow",
  "total_runtime": 23182.56760072708,
  "total_cycles": 240,
  "average_cycle_time": 3.61936887105306,
  "average_quality": 0.8887499999999999,
  "emergence_detections": 240,
  "transcendence_achievements": 0,
  "throughput": 0.621156389922416,
  "target_performance": {
    "throughput": 0.26,
    "quality_score": 0.685,
    "cycle_time": 3.35,
    "resource_utilization": 0.905,
    "emergence_rate": 0.819
  },
  "actual_vs_target": {
    "cycle_time": 1.080408618224794,
    "quality": 1.2974452554744524
  }
}