{
  "workflow_name": "emergence_accelerated_workflow",
  "total_runtime": 1780.064308166504,
  "total_cycles": 20,
  "average_cycle_time": 3.3880900263786318,
  "average_quality": 0.8887499999999999,
  "emergence_detections": 20,
  "transcendence_achievements": 0,
  "throughput": 0.6741329481719793,
  "target_performance": {
    "throughput": 0.26,
    "quality_score": 0.685,
    "cycle_time": 3.35,
    "resource_utilization": 0.905,
    "emergence_rate": 0.819
  },
  "actual_vs_target": {
    "cycle_time": 1.0113701571279499,
    "quality": 1.2974452554744524
  }
}