{
  "workflow_name": "emergence_accelerated_workflow",
  "total_runtime": 42207.33251285553,
  "total_cycles": 440,
  "average_cycle_time": 3.566516123576598,
  "average_quality": 0.8887499999999999,
  "emergence_detections": 440,
  "transcendence_achievements": 0,
  "throughput": 0.6254837353665759,
  "target_performance": {
    "throughput": 0.26,
    "quality_score": 0.685,
    "cycle_time": 3.35,
    "resource_utilization": 0.905,
    "emergence_rate": 0.819
  },
  "actual_vs_target": {
    "cycle_time": 1.0646316786795815,
    "quality": 1.2974452554744524
  }
}