{
  "workflow_name": "emergence_accelerated_workflow",
  "total_runtime": 37276.10923409462,
  "total_cycles": 390,
  "average_cycle_time": 3.5377047343131824,
  "average_quality": 0.8887499999999999,
  "emergence_detections": 390,
  "transcendence_achievements": 0,
  "throughput": 0.6277479189967919,
  "target_performance": {
    "throughput": 0.26,
    "quality_score": 0.685,
    "cycle_time": 3.35,
    "resource_utilization": 0.905,
    "emergence_rate": 0.819
  },
  "actual_vs_target": {
    "cycle_time": 1.0560312639740843,
    "quality": 1.2974452554744524
  }
}