{
  "workflow_name": "emergence_accelerated_workflow",
  "total_runtime": 844.8093130588531,
  "total_cycles": 10,
  "average_cycle_time": 3.3807448863983156,
  "average_quality": 0.8887499999999999,
  "emergence_detections": 10,
  "transcendence_achievements": 0,
  "throughput": 0.7102194432818727,
  "target_performance": {
    "throughput": 0.26,
    "quality_score": 0.685,
    "cycle_time": 3.35,
    "resource_utilization": 0.905,
    "emergence_rate": 0.819
  },
  "actual_vs_target": {
    "cycle_time": 1.009177578029348,
    "quality": 1.2974452554744524
  }
}