{
  "workflow_name": "emergence_accelerated_workflow",
  "total_runtime": 31604.960174560547,
  "total_cycles": 330,
  "average_cycle_time": 3.5628932562741364,
  "average_quality": 0.8887499999999999,
  "emergence_detections": 330,
  "transcendence_achievements": 0,
  "throughput": 0.6264839408320916,
  "target_performance": {
    "throughput": 0.26,
    "quality_score": 0.685,
    "cycle_time": 3.35,
    "resource_utilization": 0.905,
    "emergence_rate": 0.819
  },
  "actual_vs_target": {
    "cycle_time": 1.0635502257534735,
    "quality": 1.2974452554744524
  }
}