{
  "workflow_name": "emergence_accelerated_workflow",
  "total_runtime": 35406.06528186798,
  "total_cycles": 370,
  "average_cycle_time": 3.546009135246277,
  "average_quality": 0.8887499999999999,
  "emergence_detections": 370,
  "transcendence_achievements": 0,
  "throughput": 0.6270112146962847,
  "target_performance": {
    "throughput": 0.26,
    "quality_score": 0.685,
    "cycle_time": 3.35,
    "resource_utilization": 0.905,
    "emergence_rate": 0.819
  },
  "actual_vs_target": {
    "cycle_time": 1.0585101896257543,
    "quality": 1.2974452554744524
  }
}