{
  "workflow_name": "emergence_accelerated_workflow",
  "total_runtime": 15846.311774015427,
  "total_cycles": 170,
  "average_cycle_time": 3.47975526417003,
  "average_quality": 0.8887499999999998,
  "emergence_detections": 170,
  "transcendence_achievements": 0,
  "throughput": 0.6436829052376608,
  "target_performance": {
    "throughput": 0.26,
    "quality_score": 0.685,
    "cycle_time": 3.35,
    "resource_utilization": 0.905,
    "emergence_rate": 0.819
  },
  "actual_vs_target": {
    "cycle_time": 1.0387329146776207,
    "quality": 1.2974452554744522
  }
}