{
  "workflow_name": "emergence_accelerated_workflow",
  "total_runtime": 48856.44347858429,
  "total_cycles": 510,
  "average_cycle_time": 3.5441711042441573,
  "average_quality": 0.8887499999999999,
  "emergence_detections": 510,
  "transcendence_achievements": 0,
  "throughput": 0.6263247551658808,
  "target_performance": {
    "throughput": 0.26,
    "quality_score": 0.685,
    "cycle_time": 3.35,
    "resource_utilization": 0.905,
    "emergence_rate": 0.819
  },
  "actual_vs_target": {
    "cycle_time": 1.0579615236549722,
    "quality": 1.2974452554744524
  }
}